#,# Espec,Produto,,Categoria,Status,Data,Pre√ßo Base,Link Produto 1 (China),Link Afiliado 1,Link Produto 2 (Brasil),Link Afiliado 2,T√≠tulo,Descri√ß√£o,link_img
#1,#M19,Palmilha Ortop√©dica 3D em Gel,PalmilhaOrtop√©dica3DemGel,#N/A,4- Postado,07/02/2023,"R$ 17,99",https://shopee.com.br/Palmilha-Ortop%C3%A9dicos-arch-Suporte-Flatfoot-Palmilhas-Ortop%C3%A9dicas-Para-P%C3%A9s-Ease-Press%C3%A3o-De-Movimento-Do-Ar-Amortecimento-Estofamento-i.576628917.12240946808?sp_atk=87a1023c-a3e8-4c6a-86c2-0b82537c5eb5&xptdk=87a1023c-a3e8-4c6a-86c2-0b82537c5eb5,https://shope.ee/cY4hG6Rn,https://shopee.com.br/1-Par-Paumilha-De-Apoio-Em-Arco-3D-Para-Mulheres-Homens-Aliviar-A-Dor-De-P%C3%A9-i.315558682.11550914188?sp_atk=80b19363-f12f-4f4e-8c6a-edf07063fb99&xptdk=80b19363-f12f-4f4e-8c6a-edf07063fb99,https://shope.ee/9UTdOBsBu4,#1 - Palmilha Ortop√©dica 3D em Gel,Sinta-se mais energizado ao longo do dia!,https://cf.shopee.com.br/file/078d84d90273fca8342fc0eafd2862db
#2,#T09,Trem de Domin√≥ Educacional,TremdeDomin√≥Educacional,#N/A,4- Postado,07/02/2023,"R$ 81,00",https://shopee.com.br/Trem-Empilha-Domin%C3%B3-80-Pe%C3%A7as-Com-Fuma%C3%A7a-Dm-Toys-i.733005134.19820759595?sp_atk=7adb21c8-03c2-4d47-a216-2d83cdaee149&xptdk=7adb21c8-03c2-4d47-a216-2d83cdaee149,https://shope.ee/8Ub6CO82sa,https://shopee.com.br/Hsp1-Trem-El%C3%A9trico-Com-Trem-De-Domin%C3%B3-Tijolos-Kiddie-Sensory-Educa%C3%A7%C3%A3o-Aprendizagem-Presente-i.290355754.13614102556?sp_atk=9ce7d5e3-9209-4b6d-ade9-1ce7efb270d2&xptdk=9ce7d5e3-9209-4b6d-ade9-1ce7efb270d2,https://shope.ee/3Kt02uEWXs,#2 - Trem de Domin√≥ Educacional,Permita que seu filho brinque enquanto aprende!,https://cf.shopee.com.br/file/938b6cbf436a450ce326fdfc72bb52ad
#3,#M18,√ìculos de sol Multicor 6 em 1,√ìculosdesolMulticor6em1,#N/A,4- Postado,07/02/2023,"R$ 37,99",https://shopee.com.br/DEARMILIU-Ultra-light-6pcs-1set-Polarized-Clip-On-Sunglasses-Men-Women-Magnetic-Eyewear-Eyeglass-Frames-Optical-Glasses-i.238607548.7928532897?sp_atk=9e89e739-703b-40a6-b1a5-64ebede9f4d9&xptdk=9e89e739-703b-40a6-b1a5-64ebede9f4d9,https://shope.ee/4AS72SbCym,https://shopee.com.br/Fashion-Clip-on-Magnetic-Women-Sunglasses-Men-Magnet-Clip-Myopia-Glasses-Outdoor-Sports-1-5-Combined-Sunglasses-i.235614951.5345461020?sp_atk=d460b064-b555-44b1-9e1f-34f24c736fc3&xptdk=d460b064-b555-44b1-9e1f-34f24c736fc3,https://shope.ee/8zXMnM0bD6,#3 - √ìculos de sol Multicor 6 em 1,Garanta o √≥culos mais desejado do ver√£o 2023,https://cf.shopee.com.br/file/ce272c30b4a99470a66cefbd6971e95d
#4,#M07,Auxiliar de Sono e Anti-Ronco,AuxiliardeSonoeAnti-Ronco,#N/A,4- Postado,08/02/2023,"R$ 12,20",https://shopee.com.br/Protetor-Bucal-Mold%C3%A1vel-Anti-Ronco-Apneia-Bruxismo-i.740994644.14571881786?sp_atk=bb3d988e-cb28-439d-b276-6d7a761061b3&xptdk=bb3d988e-cb28-439d-b276-6d7a761061b3,https://shope.ee/3VCQFGhTYA,https://shopee.com.br/Kit-Anti-Ronco-Protetor-Bucal-Faixa-Queixeira-E-Clip-Nasal-i.384014574.19552221437?sp_atk=19aa9768-322c-4e4e-85d2-18be2d2a635e&xptdk=19aa9768-322c-4e4e-85d2-18be2d2a635e,https://shope.ee/6pSsDP82WH,#4 - Auxiliar de Sono e Anti-Ronco,"Chega de noites mal dormidas, tanto para voc√™, quanto para quem estiver ao seu redor!",
#5,#C04,Desentupidor de Encanamentos,DesentupidordeEncanamentos,#N/A,4- Postado,08/02/2023,"R$ 4,00",https://shopee.com.br/Haste-De-Limpeza-Esgoto-Banheiro-Cozinha-Limpador-E-Desentupidor-Pia-Ralo-i.299222557.18430862841?sp_atk=63157ffb-4d93-438e-a0aa-265df4396b22&xptdk=63157ffb-4d93-438e-a0aa-265df4396b22,https://shope.ee/VYofmRYKR,https://shopee.com.br/Haste-De-Limpeza-Esgoto-Banheiro-Cozinha-Limpador-E-Desentupidor-Pia-Ralo-i.375602651.16483753312?sp_atk=ed38aeea-21ff-490f-89c5-2aa14e27dd56&xptdk=ed38aeea-21ff-490f-89c5-2aa14e27dd56,https://shope.ee/3VCQFJ2Wqe,#5 - Desentupidor de Encanamentos,"Pia entupida, aquela √°gua suja acumulada e mau cheiro?",
#6,#T02,Luz de Freio Inteligente,LuzdeFreioInteligente,#N/A,4- Postado,08/02/2023,"R$ 49,00",https://shopee.com.br/ROCKBROS-Bicicleta-Luz-Da-Cauda-100-Lumens-Inteligente-Sensor-De-Freio-Traseira-Selim-Seatpost-500-Mah-USB-Recarreg%C3%A1vel-Warnin-i.375452801.14345888544?sp_atk=0495f00b-4079-434e-a183-ccbcb2669a50&xptdk=0495f00b-4079-434e-a183-ccbcb2669a50,https://shope.ee/4KlXEqul7M,https://shopee.com.br/ROCKBROS-Luz-Traseira-Com-Sensor-De-Freio-Inteligente-Para-Bicicleta-De-Estrada-MTB-Luz-De-Alerta-%C3%A0-Prova-D'%C3%A1gua-i.375452801.10515632557?sp_atk=96bf71ee-ac53-4362-8b5b-0c20ccce32dd&xptdk=96bf71ee-ac53-4362-8b5b-0c20ccce32dd,https://shope.ee/1fkm3xiN2u,#6 - Luz de Freio Inteligente,Andar de bicicleta nunca ser√° t√£o seguro!,
#7,#C12,Protetor de Ralo de Silicone,ProtetordeRalodeSilicone,#N/A,4- Postado,09/02/2023,"R$ 3,99",https://shopee.com.br/Tampa-De-Silicone-Ralo-Pia-Tampa-Estrela-Cozinha-Banheiro-Universal-Filtro-Anti-Res%C3%ADduos-Flex-Drain-i.461633669.13071681891?sp_atk=47d5e6d8-2e1c-47b1-afd6-4deede566125&xptdk=47d5e6d8-2e1c-47b1-afd6-4deede566125,https://shope.ee/10V5Gl2F0c,https://shopee.com.br/Tampa-de-Ralo-Formato-Estrela-Filtro-de-Pia-em-Silicone-com-Ventosas-i.521289385.10048153420?sp_atk=023492df-6055-4c8c-867f-5b4362584b2d&xptdk=023492df-6055-4c8c-867f-5b4362584b2d,https://shope.ee/3VCQFMaaEj,#7 - Protetor de Ralo de Silicone,Chega de ter o seu ralo entupido!,
#8,#M05,Aliviador de Tens√µes para a M√£o,AliviadordeTens√µesparaaM√£o,#N/A,,,"R$ 9,80",https://shopee.com.br/Massageador-De-Acupress%C3%A3o-Tens%C3%A3o-Al%C3%ADvio-Da-M%C3%A3o-i.477428067.10993219538,https://shope.ee/AvyHGDCO8,https://shopee.com.br/-takejoyfine-Massageador-De-Acupress%C3%A3o-Wearable-Al%C3%ADvio-Da-Dor-De-Cabe%C3%A7a-Tens%C3%A3o-Aliviando-A-i.272038353.6642732981?sp_atk=019bd147-d8d3-4c9e-b23e-8afb48829196&xptdk=019bd147-d8d3-4c9e-b23e-8afb48829196,https://shope.ee/5AKeEScEKX,#8 - Aliviador de Tens√µes para a M√£o,Restaure sua energia e for√ßa atrav√©s de uma poderosa massagem,
#9,#T01,Carteira Antifurto com RFID,CarteiraAntifurtocomRFID,#N/A,,,"R$ 6,50",https://shopee.com.br/Porta-Guarda-Cart%C3%A3o-Ultra-Resistente-disponivel-em-varias-cores-a-pronto-entrega-i.436037029.3992815980?sp_atk=92a892f5-2a4f-4983-b441-d9dbcb501eed&xptdk=92a892f5-2a4f-4983-b441-d9dbcb501eed,https://shope.ee/408gqNRVrN,https://shopee.com.br/Porta-Guarda-Cart%C3%A3o-Ultra-Resistente-disponivel-em-varias-cores-a-pronto-entrega-i.409941475.9141719268?sp_atk=67f5fc16-6b05-4a64-9d6d-2002e88df96c&xptdk=67f5fc16-6b05-4a64-9d6d-2002e88df96c,https://shope.ee/7KP8oUJcvJ,#9 - Carteira Antifurto com RFID,Conhe√ßa essa carteira que √© um verdadeiro escudo contra roubos de dados!,
#10,#M13,Escova Alisadora,EscovaAlisadora,#N/A,,,"R$ 31,99",https://shopee.com.br/Escova-Alisadora-Anion-Hair-Pro-3-em-1-Secador-Chapinha-e-Modelador-de-Cachos-Bivolt-i.291174073.18763115731?sp_atk=83b1adfb-226a-4169-93ad-85738d89f4c8&xptdk=83b1adfb-226a-4169-93ad-85738d89f4c8,https://shope.ee/fsEsGrLEs,https://shopee.com.br/Escova-Alisadora-de-Cabelos-Multifuncional-Bivolt-i.341061019.16769055347?sp_atk=40ba4b99-3ace-4c88-8b0e-f8a0611c228a&xptdk=40ba4b99-3ace-4c88-8b0e-f8a0611c228a,https://shope.ee/1VRLroVtK6,#10 - Escova Alisadora,Multi-funcional adequado tanto para alisamento de cabelo e ondula√ß√£o de cabelo voc√™ pode us√°-lo para modelar seu cabelo como desejado,
#11,#T05,Smartwatch Iwo 16 Ultra,SmartwatchIwo16Ultra,#N/A,,,"R$ 73,99",https://shopee.com.br/Smartwatch-IWO-16-Series-8-Ultra-Wireless-Carregamento-Bluetooth-Chamada-De-Voz-Exerc%C3%ADcio-Cora%C3%A7%C3%A3o-Para-Android-i.756680465.20263717640?sp_atk=05dc223d-2b08-4f37-ba96-a071bed11815&xptdk=05dc223d-2b08-4f37-ba96-a071bed11815,https://shope.ee/6ADBQPnGNh,https://shopee.com.br/2022-Novo-Rel%C3%B3gio-Inteligente-Ultra-49mm-Series-8-Smartwatch-Masculino-Bluetooth-Chamada-Imperme%C3%A1vel-8-Watch8-Sem-Fio-Carregamento-i.628300981.17887454911?sp_atk=98070410-eb10-4e46-a07f-1e4abffde856&xptdk=98070410-eb10-4e46-a07f-1e4abffde856,https://shope.ee/AvyHOwQts,#11 - Smartwatch Iwo 16 Ultra,"Ultra resistente, ultra moderno, ultra bonito!",
#12,#M11,Creme de Bronzeamento - ShineBrown,CremedeBronzeamento-ShineBrown,#N/A,,,"R$ 21,80",https://shopee.com.br/Creme-De-Acelerador-Para-Bronzeador-Premium-SHINE-BROWN-Sunbed-Sun-50-100g-i.640751623.16980960201?sp_atk=1f509cbe-957c-44d8-8290-c243050e17b1&xptdk=1f509cbe-957c-44d8-8290-c243050e17b1,https://shope.ee/1fkm4CBqPx,https://shopee.com.br/Creme-De-Acelerador-Para-Bronzeador-Premium-SHINE-BROWN-Sunbed-Sun-50-100g-i.414975262.23511746373?sp_atk=5876e7f5-48c4-48b3-9065-34469f5e50ea&xptdk=5876e7f5-48c4-48b3-9065-34469f5e50ea,https://shope.ee/7UiZ0vTIsz,#12 - Creme de Bronzeamento - ShineBrown,Conquiste a t√£o desejada marquinha do ver√£o!,
#13,#M10,Conjunto Tornozeleira Ver√£o (6 pe√ßas),ConjuntoTornozeleiraVer√£o(6pe√ßas),#N/A,,,"R$ 12,99",https://shopee.com.br/6-Pcs-Conjunto-Vintage-Gold-Cor-Anklet-Mulheres-Rel%C3%A2mpago-Estrela-Lua-Lantejoulas-Pulseira-Boho-De-Tornozelo-J%C3%B3ias-De-P%C3%A9-i.759182373.18064252892?sp_atk=3cdfb73e-5e80-49b2-abf6-d1fd732abfa3&xptdk=3cdfb73e-5e80-49b2-abf6-d1fd732abfa3,https://shope.ee/10V5H1ZEoK,https://shopee.com.br/Habitji-5pcs-Conjunto-Sexy-Bo%C3%AAmia-Ouro-Corrente-Tornozeleiras-Para-Mulheres-J%C3%B3ias-Tend%C3%AAncia-Ver%C3%A3o-Pulseira-De-Contas-Sobre-P%C3%A9-Boho-Cora%C3%A7%C3%A3o-Borboleta-Charme-Pt-i.348234533.23620352595?sp_atk=01abd078-361c-40b9-b1d4-426c57ba0497&xptdk=01abd078-361c-40b9-b1d4-426c57ba0497,https://shope.ee/AK2ny6gZ6m,#13 - Conjunto Tornozeleira Ver√£o (6 pe√ßas),A salva√ß√£o para aqueles dias em que olhamos o guarda-roupa e parece que n√£o temos nada para vestir √© usar um acess√≥rio de impacto,
#14,#C14,Rob√¥ Aspirador,Rob√¥Aspirador,#N/A,,,"R$ 58,00",https://shopee.com.br/-Entrega-24h-Rob%C3%B4-Varredora-Aspirador-De-P%C3%B3-1200PA-Autom%C3%A1tica-3-Em-1-Limpeza-Dom%C3%A9stica-Rob%C3%B3tico-Inteligente-E-Silencioso-i.765391290.14582258400?sp_atk=be511749-ed22-4f1b-af7f-d009a9f4b80f&xptdk=be511749-ed22-4f1b-af7f-d009a9f4b80f,https://shope.ee/6KWbctZ2fo,https://shopee.com.br/0919-Rob%C3%B4-Varredura-Vacuum-Limpador-Autom%C3%A1tico-1200PA-3-Em-1-Limpeza-De-Casa-Rob%C3%B3tica-Inteligente-E-Silenciosa-i.791772772.19947365393?sp_atk=10c0e2b4-5b64-435b-b8aa-7a0aaf6a95b0&xptdk=10c0e2b4-5b64-435b-b8aa-7a0aaf6a95b0,https://shope.ee/7pLPPf2sCb,#14 - Rob√¥ Aspirador,Viva sua vida enquanto ele limpa a casa,
#15,#T03,Fones de ouvido air pro,Fonesdeouvidoairpro,#N/A,,,"R$ 59,34",https://shopee.com.br/Fone-De-Ouvido-Air-Max-Tws-P9-Macaron-Bluetooth-Est%C3%A9reo-Sem-Fio-ST-01-i.362859393.21832196776?sp_atk=73885138-d0bc-474e-a3c0-422954f5ba25&xptdk=73885138-d0bc-474e-a3c0-422954f5ba25,https://shope.ee/4KlXFGAZrG,https://shopee.com.br/Fones-de-ouvido-air-pro-maxs-sem-fio-p9-headset-est%C3%A9reo-com-som-baixo-de-alta-qualidade-e-2021-mais-novo-ST-01-i.472202601.12394871488?sp_atk=232cdbfa-5021-47b8-a508-d6af8030bcc2&xptdk=232cdbfa-5021-47b8-a508-d6af8030bcc2,https://shope.ee/7A5icTmFyk,#15 - Fones de ouvido air pro,"A combina√ß√£o perfeita entre som de alt√≠ssima qualidade, design exclusivo e inovador",
#16,#M16,Massageador e Esfoliante para o Banho,MassageadoreEsfolianteparaoBanho,#N/A,,,"R$ 38,99",https://shopee.com.br/2023-Tapete-Antiderrapante-Para-Banho-Massagem-Nos-P%C3%A9s-Escova-Lavar-Os-Multicolor-i.405884720.21435383162?sp_atk=e4636fb6-ca49-4929-b788-f42d1e298124&xptdk=e4636fb6-ca49-4929-b788-f42d1e298124,https://shope.ee/7pLPPifBqb,https://shopee.com.br/1-Pcs-Esfoliante-Chuveiro-Massagem-Banheiro-Esteira-De-Banho-Antiderrapante-Escova-De-Silicone-P%C3%A9s-Acess%C3%B3rios-i.378818401.19242823976?sp_atk=d536c1db-5436-4b9e-970c-4e5f8938802b&xptdk=d536c1db-5436-4b9e-970c-4e5f8938802b,https://shope.ee/5AKeEq2Cp6,#16 - Massageador e Esfoliante para o Banho,"Ideal para aquele dia cansativo do trabalho! Depois de um dia agitado, voc√™ pode querer tomar um banho para relaxar",
#17,#T07,Super Game Stick Retro,SuperGameStickRetro,#N/A,,,"R$ 106,99",https://shopee.com.br/video-game-Jogo-Vara-4k-Cl%C3%A1ssico-Retro-Vio-Sem-Fio-Video-Game-U8-Console-Equipped-Com-O-Sistema-De-Novo-Mais-Do-Que-3500-10000-Jogos-i.238625017.16471473386?sp_atk=b2b50c17-a2ef-44c5-86ed-2b47e70c9812&xptdk=b2b50c17-a2ef-44c5-86ed-2b47e70c9812,https://shope.ee/99qn0IswxV,https://shopee.com.br/video-game-Jogo-Vara-4k-Cl%C3%A1ssico-Retro-Vio-Sem-Fio-Video-Game-U8-Console-Equipped-Com-O-Sistema-De-Novo-Mais-Do-Que-3500-10000-Jogos-i.238625017.16471473386?sp_atk=b2b50c17-a2ef-44c5-86ed-2b47e70c9812&xptdk=b2b50c17-a2ef-44c5-86ed-2b47e70c9812,https://shope.ee/6f9S1ikX7R,#17 - Super Game Stick Retro,Quer ter acesso a mais de 10.000 jogos antigos sem ter que carregar consigo um console pesado?,
#18,#C15,Saboneteira com Ventosa,SaboneteiracomVentosa,#N/A,,,"R$ 3,39",https://shopee.com.br/Saboneteira-De-Pia-Escorra-A-Caixa-De-Sab%C3%A3o-Para-Banheiro-Com-Suporte-Ventosa-Forma-De-Folha-i.371687721.17932789218?sp_atk=2f6abcc0-a197-4e19-b7b8-3c803ffd85e8&xptdk=2f6abcc0-a197-4e19-b7b8-3c803ffd85e8,https://shope.ee/5AKeEylRKs,https://shopee.com.br/porta-Sabonete-saboneteira-de-plastico-para-uso-domestico-Para-Banheiro-Ventosa-Forma-De-Folha-i.594301568.13593235314?sp_atk=5822395b-9ef2-464b-a487-93fd47b69761&xptdk=5822395b-9ef2-464b-a487-93fd47b69761,https://shope.ee/6Uq1pTrwGn,#18 - Saboneteira com Ventosa,"A Saboneteira com Ventosa possui um Design inovador de auto drenagem, secando o sab√£o ou esponja mais facilmente e drenando rapidamente para reduzir o desperd√≠cio",
#19,#C09,Brinquedos De Banho De Beb√™,BrinquedosDeBanhoDeBeb√™,#N/A,,,"R$ 22,50",https://shopee.com.br/Brinquedos-De-Banho-Do-Beb%C3%AA-Bonito-Pinguim-Egg-Spray-De-%C3%81gua-Chuveiro-Skripysh-Imprensa-Pato-Brinquedo-Para-Crian%C3%A7as-Rec%C3%A9m-Nascido-i.498688580.16125192570?sp_atk=0c55a0e3-7f5e-4412-99a7-916065f3db03&xptdk=0c55a0e3-7f5e-4412-99a7-916065f3db03,https://shope.ee/8zXMo3EN4j,https://shopee.com.br/Brinquedos-De-Banho-De-Beb%C3%AA-Baby-Adora-i.789238869.21315087125?sp_atk=0f675d18-d79c-4a57-91a0-76be138fb130&xptdk=0f675d18-d79c-4a57-91a0-76be138fb130,https://shope.ee/2fdJGQ7LfT,#19 - Brinquedos De Banho De Beb√™,Fa√ßa novos amigos enquanto toma banho!,
#20,#M15,M√°scara Hidratante de Col√°geno,M√°scaraHidratantedeCol√°geno,#N/A,,,"R$ 2,99",https://shopee.com.br/M%C3%A1scara-De-Olho-Col%C3%A1geno-Para-Remover-Olheiras-E-Linhas-Finas-Hidratante-E-M%C3%A1scara-De-Olho-Hidratante-i.539908953.10264806640?sp_atk=8e7325f3-c400-4c1d-bfd2-5341fcbc9b2c&xptdk=8e7325f3-c400-4c1d-bfd2-5341fcbc9b2c,https://shope.ee/2Ah2fXLZg0,https://shopee.com.br/1-mascara-Par-Olheira-Colageno-P-areas-Dos-Olhos-24K-i.465623800.17486295731?sp_atk=ec50f417-0225-4329-9d72-2355fdcb04ed&xptdk=ec50f417-0225-4329-9d72-2355fdcb04ed,https://shope.ee/2pwjSlnhHF,#20 - M√°scara Hidratante de Col√°geno,"Elimine olheiras, p√© de galinha e machas embaixo dos olhos em at√© 14 dias!",
#21,#C02,Removedor de Pelos Maquina de Lavar,RemovedordePelosMaquinadeLavar,#N/A,,,"R$ 6,05",https://shopee.com.br/M%C3%A1quina-De-Lavar-Roupa-Roupas-Pegajosas-Para-Cabelos-De-Animais-Removedor-De-P%C3%AAlos-i.504647605.17841407706?sp_atk=596704cf-048f-4e32-899a-98046b0b0ef5&xptdk=596704cf-048f-4e32-899a-98046b0b0ef5,https://shope.ee/3ppGecwkoS,https://shopee.com.br/2PCSreus%C3%A1vel-m%C3%A1quina-de-lavar-cabelo-removedor-de-p%C3%AAlos-pet-pele-fiapos-coletor-bola-filtragem-reutiliz%C3%A1vel-limpeza-acess%C3%B3rios-de-lavanderia-Roupas-Pegajosas-Para-Cabelos-De-Animais-Removedor-De-P%C3%AAlos-i.341209981.20300550757?sp_atk=ea5a3842-b09e-4e2a-810f-eda70c896945&xptdk=ea5a3842-b09e-4e2a-810f-eda70c896945,https://shope.ee/8euWPWDYGZ,#21 - Removedor de Pelos Maquina de Lavar,Chega de pelos em toda a sua roupa! Pegue facilmente cabelos e fiapos na m√°quina de lavar!,
#22,#T08,Trava de Motocicleta- All Lock,TravadeMotocicleta-AllLock,#N/A,,,"R$ 62,74",https://shopee.com.br/Trava-Moto-Trava-De-Seguranc%CC%A7a-Manete-Moto-Bike-Antifurto-Universal-Trava-Freio-Stainless-Steel-High-Solidity-Trava-De-Aperto-i.494854890.8290712648?sp_atk=97b9f522-3475-4c53-bf5d-a54f1be70913&xptdk=97b9f522-3475-4c53-bf5d-a54f1be70913,https://shope.ee/6zmIQTJ9I8,https://shopee.com.br/Universal-De-Metal-Motocicleta-Scooter-Guiador-Aperto-Do-Freio-Alavanca-De-Seguran%C3%A7a-Bloqueio-Anti-Roubo-i.311370004.11739238206?sp_atk=9ee958c8-9c8e-458c-8754-a235c0b3c066&xptdk=9ee958c8-9c8e-458c-8754-a235c0b3c066,https://shope.ee/2pwjSp8YJw,#22 - Trava de Motocicleta- All Lock,Quanto vale o seu sossego? Proteja sua motocicleta de roubos e furtos!,
#23,#T06,Scanner Automotivo OBD2 ELM327,ScannerAutomotivoOBD2ELM327,#N/A,,,"R$ 13,99",https://shopee.com.br/OBD2-Super-Mini-ELM327-obd-V2.1-ferramenta-de-diagn%C3%B3stico-de-bluetooth%EF%BC%88Atacado-dispon%C3%ADvel%EF%BC%89-i.505317247.11326973145?sp_atk=bcabb3a1-f894-4817-a76b-db051bf720ff&xptdk=bcabb3a1-f894-4817-a76b-db051bf720ff,https://shope.ee/4fONeD5V4a,https://shopee.com.br/Scanner-Elm327-V2.1-Bluetooth-Obd2-p-Carros-i.341252395.5363745404?sp_atk=6f49eb06-c070-447b-83c3-d342f4c92eff&xptdk=6f49eb06-c070-447b-83c3-d342f4c92eff,https://shope.ee/AK2kOdASnK,#23 - Scanner Automotivo OBD2 ELM327,Scanner Bluetooth Automotivo √© uma ferramenta para ajudar na manuten√ß√£o de ve√≠culos equipados com inje√ß√£o eletr√¥nica,
#24,#M14,Kit 20 Pinc√©is Profissionais de Maquiagem,Kit20Pinc√©isProfissionaisdeMaquiagem,#N/A,,,"R$ 10,99",https://shopee.com.br/Kit-20-Pinceis-Profissional-Pincel-Maquiagem-Preto-e-Neon-COR-Aleat%C3%B3ria-i.418205294.17884002005?sp_atk=35131dc7-cf5c-4a2c-82e1-70e1f3568c2b&xptdk=35131dc7-cf5c-4a2c-82e1-70e1f3568c2b,https://shope.ee/cY5fzmRq,https://shopee.com.br/KIT-20-Pcs-Pinc%C3%A9is-De-Maquiagem-YOUYI-i.479115181.11080201623?sp_atk=cc843cb8-c404-46c5-b68f-663653e8908b&xptdk=cc843cb8-c404-46c5-b68f-663653e8908b,https://shope.ee/5fGuq6DTTE,#24 - Kit 20 Pinc√©is Profissionais de Maquiagem,Um conjunto de escova profissional de qualidade que inclua todos os elementos b√°sicos que voc√™ precisa,
#25,#M25,Tonificador Maxilar,TonificadorMaxilar,#N/A,,,"R$ 15,90",https://shopee.com.br/Jawzrsize-Bola-Exercitador-de-mand%C3%ADbula-Jawliner-para-mulheres-e-homens-i.426864903.9281579907?sp_atk=8c078aca-6520-4330-b818-88434c3451e4&xptdk=8c078aca-6520-4330-b818-88434c3451e4,https://shope.ee/4AS73MAOTg,https://shopee.com.br/Mordedor-Exercitador-de-Maxilar-Molda-e-Define-Rosto-Jawline-Jawzrsize-Tonifica%C3%A7%C3%A3o-de-Mand%C3%ADbula-Promo%C3%A7%C3%A3o-Melhor-Pre%C3%A7o-Custo-Benef%C3%ADcio-Alta-i.449692615.14341369939?sp_atk=a6b38612-396a-4b61-bbb0-d1ad7315a2ed&xptdk=a6b38612-396a-4b61-bbb0-d1ad7315a2ed,https://shope.ee/cY5hzJfU,#25 - Tonificador Maxilar,Voc√™ quer conseguir uma melhor aparenecia de forma saud√°vel?,
#26,#C03,Cortador de Batata Espiral,CortadordeBatataEspiral,#N/A,,,"R$ 19,99",https://shopee.com.br/Cortador-Espiral-De-Batata-Cortador-De-Pepino-Acess%C3%B3rios-De-Cozinha-Espiral-De-Vegetais-Cortador-E-Fatiador-De-Batatas-Utens%C3%ADlios-De-Cozinha-1-Conjunto-i.550686732.11063795442?sp_atk=7fa892b1-d947-493c-820e-772c1f19269b&xptdk=7fa892b1-d947-493c-820e-772c1f19269b,https://shope.ee/20NcTOiZGK,https://shopee.com.br/espeto-e-aspiral-cortador-de-batata-frita-fatiador-em-aspiral-i.389341113.3885486281?sp_atk=c6dca413-ab59-413f-b34a-985d2de00404&xptdk=c6dca413-ab59-413f-b34a-985d2de00404,https://shope.ee/4AS73O0IzK,#26 - Cortador de Batata Espiral,Corte suas batatas de uma forma diferente e divertida!,
#27,#M04,Adesivo Invis√≠vel Facial,AdesivoInvis√≠velFacial,#N/A,,,"R$ 15,68",https://shopee.com.br/60-P%C3%A7s-Conjunto-Adesivos-Facials-Finos-Invis%C3%ADveis-Fita-De-Lifting-De-Linha-Facia-i.243567861.19413772282?sp_atk=98616dd0-242c-4e89-a385-9cf5331c27ae&xptdk=98616dd0-242c-4e89-a385-9cf5331c27ae,https://shope.ee/AUMAb2TKq0,https://shopee.com.br/Adesivo-Lifting-Tiras-Fita-Invis%C3%ADvel-Ajust%C3%A1vel-60-adesivos.-LEIA-i.286340763.10765318572?sp_atk=708faa99-b7ee-4a45-ba68-c01c63fbbdee&xptdk=708faa99-b7ee-4a45-ba68-c01c63fbbdee,https://shope.ee/1q4CH7Uqqv,#27 - Adesivo Invis√≠vel Facial,Voc√™ n√£o precisa gastar rios de dinheiro para remover os sinais da idade! Sinta-se com 20 novamente!,
#28,#C11,Protetor de Dedos de A√ßo Inoxid√°vel,ProtetordeDedosdeA√ßoInoxid√°vel,#N/A,,,"R$ 5,80",https://shopee.com.br/1-Pe%C3%A7a-Protetor-De-Dedo-De-A%C3%A7o-Inoxid%C3%A1vel-Anti-Corte-Ferramenta-De-Seguran%C3%A7a-Para-Cozinha-i.378818509.10031396398?sp_atk=ab7ff83d-3f42-473c-9412-d508a76b36e9&xptdk=ab7ff83d-3f42-473c-9412-d508a76b36e9,https://shope.ee/1L7vgDjTuL,https://shopee.com.br/1-Pcs-Protetor-De-M%C3%A3o-Dedo-De-A%C3%A7o-Inoxid%C3%A1vel-Faca-Fatia-Chop-Escudo-Ferramenta-Da-Cozinha-i.264595192.4536152497?sp_atk=946ee681-0e02-41bc-bb69-6c8ab98d3cda&xptdk=946ee681-0e02-41bc-bb69-6c8ab98d3cda,https://shope.ee/qBf5JTj3h,#28 - Protetor de Dedos de A√ßo Inoxid√°vel,"Corte legumes em segundos, sem medo de se machucar!",
#29,#C10,Pedras Luminosas e Brilhantes,PedrasLuminosaseBrilhantes,#N/A,,,"R$ 5,00",https://shopee.com.br/As-decora%C3%A7%C3%B5es-do-pavimento-do-jardim-do-tanque-de-peixes-de-pedra-luminosa-brilham-%C3%A0-noite.5-pes-saco-i.525811503.15900622617?sp_atk=5bc53a0d-b982-4dc4-85a0-40ec765d25d0&xptdk=5bc53a0d-b982-4dc4-85a0-40ec765d25d0,https://shope.ee/6ADBR88k93,https://shopee.com.br/Peixe-Que-Brilha-Na-Pedra-Escura-Luminosa-Para-Aqu%C3%A1rio-De-Decora%C3%A7%C3%A3o-i.183994626.6480283477?sp_atk=e5a0f390-3363-430a-8c52-133cb6c90de2&xptdk=e5a0f390-3363-430a-8c52-133cb6c90de2,https://shope.ee/3ppGeqvdUe,#29 - Pedras Luminosas e Brilhantes,"Usado para decorar vasos e tanques de peixes, jardinagem, piscina, paisagismo etc.",
#30,#C07,Lumin√°ria Magn√©tica Inteligente,Lumin√°riaMagn√©ticaInteligente,#N/A,,,"R$ 17,60",https://shopee.com.br/luminaria-C-Sensor-de-presen%C3%A7a-6000k-3000k-knup-i.539790794.11582713644?sp_atk=d3c034a3-6f8b-40a6-9a0e-ab6e6efb5c09&xptdk=d3c034a3-6f8b-40a6-9a0e-ab6e6efb5c09,https://shope.ee/5Ke4ReJmJV,https://shopee.com.br/60cm-3-cores-regul%C3%A1vel-led-lumin%C3%A1ria-sensor-de-presen%C3%A7a-USB-Recarreg%C3%A1vel-l%C3%A2mpada-sensor-de-movimento-luz-noturna-iluminac%CC%A7a%CC%83o-sensor-para-cozinha-closet-quarto-AC69-i.349021694.18049897991?sp_atk=3ad768a8-9b33-4014-99eb-ba899e336ade&xptdk=3ad768a8-9b33-4014-99eb-ba899e336ade,https://shope.ee/5ztlEsuyWm,#30 - Lumin√°ria Magn√©tica Inteligente,Lumin√°ria Inteligente Magn√©tica √© o adere√ßo mais vers√°til que uma casa moderna pode precisar,
#31,#M21,Rel√≥gio Feminino Com Pulseira De Diamante,Rel√≥gioFemininoComPulseiraDeDiamante,#N/A,,,"R$ 39,80",https://shopee.com.br/Rel%C3%B3gio-Feminino-%C3%80-Prova-D'%C3%A1gua-Com-Pulseira-De-Diamante-i.250736367.16075616018?sp_atk=bbede267-d446-44db-9b8e-e769f5aaace0&xptdk=bbede267-d446-44db-9b8e-e769f5aaace0,https://shope.ee/LFOUUKKyf,https://shopee.com.br/Rel%C3%B3gio-Feminino-%C3%80-Prova-D'%C3%A1gua-Com-Pulseira-De-Diamante-i.265338961.18412680207?sp_atk=a7409e4f-2eba-4457-b20e-3ab6488e296c&xptdk=a7409e4f-2eba-4457-b20e-3ab6488e296c,https://shope.ee/5fGuqJD2FE,#31 - Rel√≥gio Feminino Com Pulseira De Diamante,Tenha um toque de eleg√¢ncia em seu pulso com o Rel√≥gio Diamond,
#32,#M17,Massageador El√©trico Fisioter√°pico,MassageadorEl√©tricoFisioter√°pico,#N/A,,,"R$ 39,90",https://shopee.com.br/EMS-Massageador-El%C3%A9trico-De-P%C3%A9s-Esteira-Fisioterapia-M%C3%BAsculo-Cuidados-Com-A-Sa%C3%BAde-Relaxamento-i.477428067.20240425526?sp_atk=ad216569-41e8-4fc4-81dd-7483022be394&xptdk=ad216569-41e8-4fc4-81dd-7483022be394,https://shope.ee/fsEtBCRVb,https://shopee.com.br/Tapete-Massageador-Ems-Tens-El%C3%A9trico-Para-P%C3%A9s-Fisioterapia-O-Melhor-i.870018264.20349265811?sp_atk=e2d57dcc-a9f2-4b6e-a1a4-79ce3f6fe7bb&xptdk=e2d57dcc-a9f2-4b6e-a1a4-79ce3f6fe7bb,https://shope.ee/2L0SsFk2To,#32 - Massageador El√©trico Fisioter√°pico,Um recurso de Fisioterapia ajudar√° voc√™ a relaxar e se sentir √† vontade com apenas um movimento suave e sem sair de casa!,
#33,#M01,Adesivo Anti-Rugas (Varias Pe√ßas),AdesivoAnti-Rugas(VariasPe√ßas),#N/A,,,"R$ 15,86",https://shopee.com.br/16-Pcs-Adesivo-De-Para-Levantamento-Facial-Remo%C3%A7%C3%A3o-Anti-Rugas-Silicone-i.521931864.13410304366?sp_atk=bcdc7ccb-1c87-44d6-b020-9f4028764de0&xptdk=bcdc7ccb-1c87-44d6-b020-9f4028764de0,https://shope.ee/5AKeFTuurS,https://shopee.com.br/Anti-Rugas-Para-Rosto-Silicone-Adesivo-Pad-Muy-Bela-Estimulador-de-Col%C3%A1geno-Natural-Botox-Natural-Para-Testa-Bigode-Chin%C3%AAs-P%C3%A9-de-Galinha-i.279029909.7253039390?sp_atk=8c64b486-843a-4539-9630-6dfa59c0444a&xptdk=8c64b486-843a-4539-9630-6dfa59c0444a,https://shope.ee/6ADBRKLq2y,#33 - Adesivo Anti-Rugas (Varias Pe√ßas),Aumente sua autoestima e sua confian√ßa se livrando das rugas e linhas de express√µes que mais te incomodam no seu rosto!,
#34,#M23,Saco de Dormir para Beb√™,SacodeDormirparaBeb√™,#N/A,,,"R$ 28,08",https://shopee.com.br/Cobertor-Manta-De-Microfibra-Mami-Bichuus-Com-Capuz-Beb%C3%AA-Papi-seabed-i.358251712.13401089265?sp_atk=049530de-b8d6-4a47-ae7b-85b29d3831a4&xptdk=049530de-b8d6-4a47-ae7b-85b29d3831a4,https://shope.ee/7f1zE66mry,https://shopee.com.br/0-6-meses-Saco-de-dormir-para-rec%C3%A9m-nascidos-com-enfaixamento-de-pernas-divididas-felicery-i.358253663.12265910132?sp_atk=fe80fe53-582a-45c9-ab30-6b4923d2dbcf&xptdk=fe80fe53-582a-45c9-ab30-6b4923d2dbcf,https://shope.ee/8euWPwXz6W,#34 - Saco de Dormir para Beb√™,A cama mais macia onde seu beb√™ pode dormir como pedra!,
#35,#C01,Banana Escova de Dente,BananaEscovadeDente,#N/A,,,"R$ 11,50",https://shopee.com.br/Gerleek-Beb%C3%AA-Treinamento-Escova-De-Dentes-De-Silicone-BPA-Free-Banana-Forma-Seguro-Toddle-Mordedor-Mastigar-Brinquedos-Anel-De-Denti%C3%A7%C3%A3o-Presente-Infantil-i.341563162.15100933188?sp_atk=9b0b3f1b-a90b-46e5-9ac1-4d8046f43cec&xptdk=9b0b3f1b-a90b-46e5-9ac1-4d8046f43cec,https://shope.ee/1AoVUAmWMC,https://shopee.com.br/Mordedor-para-Beb%C3%AA-De-Silicone-Bananinha-Banana-Escova-Dente-i.499880091.19011434812?sp_atk=985be6a8-d5de-4379-8ef6-49a8ffad5e9a&xptdk=985be6a8-d5de-4379-8ef6-49a8ffad5e9a,https://shope.ee/1q4CHPJWZl,#35 - Banana Escova de Dente,"Os pequenos se beneficiam de uma massagem saud√°vel, que ainda promove excelentes h√°bitos de higiene oral desde cedo",
#36,#M06,Anel Feng Shui Pixiu,AnelFengShuiPixiu,#N/A,,,"R$ 11,99",https://shopee.com.br/Mulheres-Homens-Feng-Shui-Pixiu-Encanta-Riqueza-Anel-De-Sorte-Buda-Mantra-Escritura-Amuleto-An%C3%A9is-De-Prata-Ajust%C3%A1veis-i.191439250.6651966221?sp_atk=e4459d8f-2919-46d3-b728-06c23ee6471f&xptdk=e4459d8f-2919-46d3-b728-06c23ee6471f,https://shope.ee/4V4xSK8YXx,https://shopee.com.br/Pixiu-Encantos-Anel-Feng-Shui-Sorte-Riqueza-Budista-J%C3%B3ias-i.423740277.18255476831?sp_atk=06308943-fb8f-4ff5-9786-8e35a2561788&xptdk=06308943-fb8f-4ff5-9786-8e35a2561788,https://shope.ee/7UiZ1qSCzA,#36 - Anel Feng Shui Pixiu,"Atraia fortuna, energia positiva e alta vibra√ß√£o",
#37,#M08,Camisa Modeladora de Compress√£o,CamisaModeladoradeCompress√£o,#N/A,,,"R$ 30,90",https://shopee.com.br/Cinta-Colete-Redutora-Camisa-Modeladora-Slim-Fit-Postural-Ginecomastia-i.316167931.3555872399?sp_atk=ff7e13dc-293f-4858-a952-ce7818129ba6&xptdk=ff7e13dc-293f-4858-a952-ce7818129ba6,https://shope.ee/fsEtIncoK,https://shopee.com.br/Slim-Alta-Compress%C3%A3o-Postura-Cinta-Modeladora-Masculina-Fitness-i.329503701.6579372882?sp_atk=bdb08fd0-b217-4b38-b096-da75f484a2b0&xptdk=bdb08fd0-b217-4b38-b096-da75f484a2b0,https://shope.ee/5Ke4Rt0eoq,#37 - Camisa Modeladora de Compress√£o,Volte a se sentir atraente com esta regata modeladora,
#38,#M09,Chinelo Comfort Nuvem,ChineloComfortNuvem,#N/A,,,"R$ 39,00",https://shopee.com.br/Chinelo-Slide-Nuvem-Feminino-Confort%C3%A1vel-i.632591584.9997557722?sp_atk=0150373a-5947-4367-ad37-fa359200c035&xptdk=0150373a-5947-4367-ad37-fa359200c035,https://shope.ee/3VCQGWpdMg,https://shopee.com.br/Chinelo-Nuvem-Slide-Infantil-Adulto-Feminino-Ortop%C3%A9dico-Macio-Anat%C3%B4mico-Antiderrapant-i.420347720.20757550600?sp_atk=af094280-3f58-4c9f-89b1-59458d7fb4a3&xptdk=af094280-3f58-4c9f-89b1-59458d7fb4a3,https://shope.ee/5AKeFbI0PM,#38 - Chinelo Comfort Nuvem,Livre-se das dores nos p√©s e na coluna!,
#39,#M22,Rel√≥gio Repelente Infantil,Rel√≥gioRepelenteInfantil,#N/A,,,"R$ 2,99",https://shopee.com.br/Rel%C3%B3gio-Infantil-inteligente-Eletr%C3%B4nico-Digital-Repelente-Port%C3%A1til-Com-Luz-Brilhante-Para-Crian%C3%A7as-i.711843494.16158001565?sp_atk=75736b4a-4530-42ee-b827-432e8446433b&xptdk=75736b4a-4530-42ee-b827-432e8446433b,https://shope.ee/6KWbdl0EhE,https://shopee.com.br/Pulseira-Anti-Mosquito-Repelente-Citronela-Com-Led-i.303579392.7152851404?sp_atk=a13b85d6-ee84-45f2-aa50-c32f6a77aeef&xptdk=a13b85d6-ee84-45f2-aa50-c32f6a77aeef,https://shope.ee/A9jKCoGZvD,#39 - Rel√≥gio Repelente Infantil,O repelente mais tecnologico chegou!,
#40,#C08,Mini M√°quina Seladora,MiniM√°quinaSeladora,#N/A,,,"R$ 8,83",https://shopee.com.br/Mini-Selador-de-Embalagem-M%C3%A1quina-Port%C3%A1til-Seladora-Pl%C3%A1stico-Pilha-Para-Cozinha-i.728525193.18139393614?sp_atk=d9216b29-52c1-4c8d-a6c1-3947a8119ab2&xptdk=d9216b29-52c1-4c8d-a6c1-3947a8119ab2,https://shope.ee/3AZZrxXszS,https://shopee.com.br/Mini-M%C3%A1quina-De-Selagem-De-Saco-T%C3%A9rmico-Pacote-Selador-Sacos-De-Pl%C3%A1stico-T%C3%A9rmico-Fechamento-De-Saco-De-Alimentos-Embalagem-Seladora-Port%C3%A1til-Acess%C3%B3rios-De-Cozinha-i.559764351.12968744457?sp_atk=2fa4e836-4389-42d1-af12-f91fba7a0ee9&xptdk=2fa4e836-4389-42d1-af12-f91fba7a0ee9,https://shope.ee/7zepcqogRU,#40 - Mini M√°quina Seladora,Voc√™ tamb√©m tem pena de deixar o resto do lanche para comer depois e ele ficar amolecido e com gosto de velho?,
#41,#M03,Adesivo Detox,AdesivoDetox,#N/A,,,"R$ 10,98",https://shopee.com.br/100-Pe%C3%A7as-caixa-Remendo-De-Emagrecimento-Barriga-Cintura-Perder-Peso-Celulite-Queimador-De-Gordura-Adesivo-i.542732524.20624848585?sp_atk=2992ad9b-87b8-4f17-9db8-e1d88a8ce5ce&xptdk=2992ad9b-87b8-4f17-9db8-e1d88a8ce5ce,https://shope.ee/2fdJH3mNWa,https://shopee.com.br/10-30-50-Adesivos-De-Emagrecimento-Detox-Seca-Barriga-Detox-Para-Homens-E-Mulheres-Perder-Peso-i.296745639.19239945910?sp_atk=be010a87-dd1e-4921-8cce-da473cd17ac5&xptdk=be010a87-dd1e-4921-8cce-da473cd17ac5,https://shope.ee/AUMAbSw5PE,#41 - Adesivo Detox,"Utilizando apenas ingredientes org√¢nicos o adesivo acelera seu metabolismo e dissolve as c√©lulas de gordura, proporcionando uma pele revigorada em todos os aspectos",
#42,#M24,Mochila Anti-Furto com Senha USB,MochilaAnti-FurtocomSenhaUSB,#N/A,,,"R$ 109,99",https://shopee.com.br/Mochila-De-Peito-Masculina-%C3%80-Prova-D'%C3%A1gua-Com-Trava-De-C%C3%B3digo-Pequena-Esportiva-Etc-.-Bolsa-De-Ombro-Tipo-Mensageiro-Para-Motocicleta-Interface-USB-De-Carregamento-i.733539223.17135951695?sp_atk=c792d31b-bed9-434d-a719-dd01fd045e71&xptdk=c792d31b-bed9-434d-a719-dd01fd045e71,https://shope.ee/7A5idM3yLJ,https://shopee.com.br/Mochila-Anti-Roubo-De-Ombro-Transversal-Casual-%C3%80-Prova-D'%C3%A1gua-Com-Porta-Carregador-USB-i.799353682.18116082154?sp_atk=9718cd66-b0f5-4a40-8377-86a703d3d6c4&xptdk=9718cd66-b0f5-4a40-8377-86a703d3d6c4,https://shope.ee/8euWQ7l4Tq,#42 - Mochila Anti-Furto com Senha USB,"Tecnologia, estilo e praticidade!",
#43,#M12,Derol Silky | Hidratante Multi Balm,DerolSilky|HidratanteMultiBalm,#N/A,,,"R$ 28,99",https://shopee.com.br/DEROL-B%C3%A1lsamo-Hidratante-Anti-Rugas-Creme-Seco-F%C3%A1cil-De-Absorver-N%C3%A3o-Pegajoso-UM-i.549628600.19252620547?sp_atk=20f0ce6b-17cb-451b-bfce-2e3849e2c82f&xptdk=20f0ce6b-17cb-451b-bfce-2e3849e2c82f,https://shope.ee/2fdJH77RLd,https://shopee.com.br/Col%C3%A1geno-multi-b%C3%A1lsamo-vara-rugas-bounce-anti-rugas-hidratante-multi-b%C3%A1lsamo-iluminar-creme-de-tom-de-pele-ma%C3%A7ante-cosm%C3%A9ticos-coreanos-7g-i.291882846.22018241640?sp_atk=4cff529c-3290-428d-9240-bcec96f7d7c2&xptdk=4cff529c-3290-428d-9240-bcec96f7d7c2,https://shope.ee/qBf5ket1d,#43 - Derol Silky | Hidratante Multi Balm,"Se voc√™ deseja ter uma pele mais jovem e bonita, diminuindo as rugas, papadas, o temido bigode chin√™s e/ou as olheiras e linhas de express√£o",
#44,#C06,Faca Ondulada,FacaOndulada,#N/A,,,"R$ 4,51",https://shopee.com.br/Faca-Corte-Batata-Ondulada-Legumes-Cozinha-A%C3%A7o-Inox-Chips-CLINK-20-5-x-6-5-x-2cm-i.403112819.8865625968?sp_atk=c7479e4f-858e-4edc-a06a-98de12dfe5e7&xptdk=c7479e4f-858e-4edc-a06a-98de12dfe5e7,https://shope.ee/5Ke4S21Lw8,https://shopee.com.br/Cortador-Ondulado-De-Batata-legumes-De-A%C3%A7o-Inoxid%C3%A1vel-i.274456099.9050059507?sp_atk=a79ce257-6591-4e9e-af7a-b9fc7ed9bce5&xptdk=a79ce257-6591-4e9e-af7a-b9fc7ed9bce5,https://shope.ee/8Ub6DrJgPo,#44 - Faca Ondulada,J√° pensou em tornar a chata tarefa de cortar legumes em algo divertido?,
#45,#M26,Tratamento Para Unhas,TratamentoParaUnhas,#N/A,,,"R$ 13,99",https://shopee.com.br/O-melhor-reparo-de-unhas-solu%C3%A7%C3%B5es-eficazes-para-o-cuidado-das-unhas-e-dos-p%C3%A9s-repara-e-renova-unhas-danificadas-quebradas-rachadas-e-descoloridas-i.262509098.11826260249?sp_atk=a6feb96c-ffcc-4d34-a457-7b3db246f5f7&xptdk=a6feb96c-ffcc-4d34-a457-7b3db246f5f7,https://shope.ee/6zmIR7L0Cr,https://shopee.com.br/Ess%C3%AAncia-Soro-15-ml-Tratamento-para-Unhas-Fungos-e-Micose-Lanbena-Natural-i.401009686.6089663298?sp_atk=2d8a20f1-5428-43a1-b9f3-e94eedb50849&xptdk=2d8a20f1-5428-43a1-b9f3-e94eedb50849,https://shope.ee/1fkm5KEZY8,#45 - Tratamento Para Unhas,A apar√™ncia da sua unha lhe incomoda?,
#46,#T10,Ventilador de Pesco√ßo Port√°til,VentiladordePesco√ßoPort√°til,#N/A,,,"R$ 66,99",https://shopee.com.br/(Atualiza%C3%A7%C3%A3o)-Ventilador-De-Pesco%C3%A7o-Dobr%C3%A1vel-Bot%C3%A3o-De-Toque-Port%C3%A1til-Refrigera%C3%A7%C3%A3o-M%C3%A1scara-Com-USB-360-Graus-Neckband-Sa%C3%ADdas-De-Ar-5000Mah-Recarreg%C3%A1vel-i.234745801.11195834357?sp_atk=44c2a9ea-23b0-4983-a280-563011136d28&xptdk=44c2a9ea-23b0-4983-a280-563011136d28,https://shope.ee/9zPu0edYyj,https://shopee.com.br/Ventilador-De-Pesco%C3%A7o-Pendurar-No-De-360-Graus-Recarreg%C3%A1vel-USB-Mini-Refrigera%C3%A7%C3%A3o-Port%C3%A1til-Dobr%C3%A1vel-i.746569391.21007706127?sp_atk=bcc1ee8e-7b18-492f-83fb-43353308585e&xptdk=bcc1ee8e-7b18-492f-83fb-43353308585e,https://shope.ee/20NcTxhYmX,#46 - Ventilador de Pesco√ßo Port√°til,Voc√™ Tamb√©m Sofre de Calor no Ver√£o? ü•µü•µ,
#47,#C05,Esponja Magica,EsponjaMagica,#N/A,,,"R$ 2,80",https://shopee.com.br/20-pacotes-bucha-esponja-magica-ma%CC%81gica-limpeza-cozinha-i.426797398.9583694928?sp_atk=226a0535-ce9e-43c9-8c4b-dd4131930c10&xptdk=226a0535-ce9e-43c9-8c4b-dd4131930c10,https://shope.ee/6f9S2YGFOK,https://shopee.com.br/Esponja-Magica-5-Unidades-Branca-Max-Clean-Tira-e-Limpa-Riscos-Envio-R%C3%A1pido-i.397907650.5986907054?sp_atk=e74342fe-fb8c-4d0a-84fc-424cc7ddcdd3&xptdk=e74342fe-fb8c-4d0a-84fc-424cc7ddcdd3,https://shope.ee/1fkm5MzkUw,#47 - Esponja Magica,Voc√™ nunca mais vai querer usar as esponjas comuns novamente,
#48,#T04,Mini Drone UFO Inteligente,MiniDroneUFOInteligente,#N/A,,,"R$ 28,99",https://shopee.com.br/Flynova-Mini-Cotro-Drone-Ufo-Com-Sensor-M-Infravermelho-Quadcopter-i.292487243.9934376125?sp_atk=6749115a-1f5d-4a53-934d-426c070a8640&xptdk=6749115a-1f5d-4a53-934d-426c070a8640,https://shope.ee/9p6ToOHKa4,https://shopee.com.br/Fly-Nova-PRO-Bola-Voadora-Boomerang-Flyorb-Brinquedo-Drone-M%C3%A1gico-Girat%C3%B3rio-Voador-i.795882547.14089072459?sp_atk=a5963d1e-10fe-447b-bdd2-446a03748d96&xptdk=a5963d1e-10fe-447b-bdd2-446a03748d96,https://shope.ee/2pwjTXHB30,#48 - Mini Drone UFO Inteligente,Um brinquedo voador direto de marte!,
#49,#C13,Removedor de Fiapos Port√°til,RemovedordeFiaposPort√°til,#N/A,,,"R$ 4,99",https://shopee.com.br/Removedor-De-P%C3%AAlos-Fiapos-E-Pequenas-Sujeiras-i.673551760.21639452733?sp_atk=f6706c6f-a63e-4f89-ab48-f33f30728287&xptdk=f6706c6f-a63e-4f89-ab48-f33f30728287,https://shope.ee/5AKeFpyoeP,https://shopee.com.br/Removedor-Tira-Fiapo-Pelo-Bolinha-De-Roupa-Sof%C3%A1-Palet%C3%B3-escova-manual-i.271521717.14887271584?sp_atk=30c942af-fade-48ac-84f6-d8dfc202664c&xptdk=30c942af-fade-48ac-84f6-d8dfc202664c,https://shope.ee/5fGuqlaRPz,#49 - Removedor de Fiapos Port√°til,"Remove pelos de animais, migalhas, fiapos e outros detritos de forma r√°pida e f√°cil, sem deixar res√≠duos grudados",
#50,#M02,Adesivo Detox P√©,AdesivoDetoxP√©,#N/A,,,"R$ 4,80",https://shopee.com.br/10-unidades-Kinoki-Eliminador-De-Toxinas-Adesivo-Detox-Pes-i.421446882.11744271810?sp_atk=ed9e6c74-5b01-4cec-b7e0-67b45f3bd0b3&xptdk=ed9e6c74-5b01-4cec-b7e0-67b45f3bd0b3,https://shope.ee/5ztlFOQFBA,https://shopee.com.br/10-Adesivos-Eliminador-De-Toxinas-Kinoki-Detox-Sa%C3%BAde-i.309778123.9817166423?sp_atk=7e97f39f-e51f-4961-8dd2-ed17550e2a64&xptdk=7e97f39f-e51f-4961-8dd2-ed17550e2a64,https://shope.ee/cY6NQgOe,#50 - Adesivo Detox P√©,"Finalmente uma maneira 100% natural, testada e comprovada de desintoxicar seu corpo enquanto voc√™ dorme",